economy,YR2004,YR2005,YR2006,YR2007,YR2008,YR2009,YR2010,YR2011,YR2012,YR2013,YR2014,YR2015,YR2016,YR2017,YR2018,YR2019,YR2020,YR2021,YR2022,YR2023,YR2024
ABW,40000.5625183532,38828.2166342999,38566.8026759098,39462.5851547515,39881.5879733887,34986.1484622772,33951.6246182745,34837.9402869986,33972.3401082566,35621.7848546409,35746.8630679768,36660.6310808381,36832.9040242979,38116.8310992499,39278.8297271438,39652.6320700939,30347.6371851417,35104.7868035374,38979.8358245412,41964.7711908515,44558.9287594176
AFE,3457.12022216505,3577.58589657798,3718.02241324132,3866.72395287147,3934.08423728651,3869.99812557719,3976.01098918458,4042.84247175787,4061.64163525859,4125.18256263035,4185.23841104229,4206.25295270438,4202.23641584707,4214.39708524398,4220.91250168849,4195.86541780344,3978.93139450095,4056.11301700129,4106.50190693219,4083.99300263507,4106.43414035047
AFG,1776.91820712187,1908.11478234587,1929.72389709372,2155.35306784413,2191.50435559062,2565.02208584099,2848.58606111495,2757.05258747725,2985.31914452845,3046.57993117128,3017.94254424696,2967.692067153,2958.7853992308,2952.99891598909,2902.39211285546,2927.2451435353,2769.68574507111,2144.16657002819,1981.71016810561,1983.81261992909,
AFW,4642.02674806122,4775.60343378638,4892.69193879293,5016.77062650533,5181.8092768247,5355.44022713777,5575.8352710514,5691.70513839694,5816.27571540301,6001.87015789534,6174.70331573076,6185.24923306943,6026.16020343528,5999.74477975389,6016.31221720046,6059.60602380843,5687.84998774233,5690.96774324307,5806.17289006101,5874.95107983729,5996.39573555671
AGO,8081.75707952672,8895.37660461036,9588.82238860962,10437.5899897179,11134.7047183666,10933.2712187989,11077.1301919405,11037.6388778577,11519.9933863364,11626.1877218484,11721.664415634,11392.9059344932,10805.7122533667,10414.2358842987,10000.9443772509,9648.01103767178,8960.33797242389,8862.28133314521,8950.14259255142,8788.26106439635,8901.88736611562
ALB,8483.29399553028,8964.31799702863,9564.02920336839,10262.9667962049,11056.3517677907,11430.6220336089,11829.0532917923,12153.1140578808,12463.5700560026,12873.4832044649,13366.5595256489,13876.81917653,14643.4892877063,15359.4611530571,16170.990493278,16761.1925261726,16457.7872245882,18212.8702466686,19388.8731331744,20481.0358398226,21641.0733223921
AND,64353.4858113531,65114.8053663021,66390.293726491,65534.1168555171,60691.6051530637,57203.9708883731,58285.0577756981,60470.4662377044,58172.1323929474,57332.1585611366,59929.2444670501,62105.1542389675,64402.8092369468,63239.6577711911,63048.5985572834,63215.899791913,55488.4902991095,59332.2029100127,63913.3835079105,64631.2963909271,65928.3071971004
ARB,13703.8513255052,14096.6978098463,14584.203656405,14885.4008312885,15342.6243511252,15154.7950466565,15570.139810079,15896.5397455117,16141.5972975632,16084.0540746644,16145.8898464544,16371.0585517114,16606.2469902024,16542.576023411,16723.8193619802,16782.382332277,15739.007645376,16164.6519137346,16905.4902749583,16802.3230898913,16744.2005917996
ARE,93166.1449767722,92750.9148604289,94872.5391985501,87180.6059048658,80285.1852028705,71488.9909603622,70913.778039508,73190.3973792075,73644.0532143257,74237.2214478496,74145.1093706462,75238.5539913477,75671.0564378596,72529.0571050174,72671.0652349751,72822.969940695,66808.6477560191,68580.1485423483,70075.6300053372,70239.8552855072,69701.8047983545
ARG,21591.449396517,23262.4075792816,24877.2493922296,26850.6645932771,27658.4853446831,25747.1976809995,28056.2570212342,29425.7593876084,28825.9666865361,29227.6601818437,28200.8152571318,28669.2061336796,27802.1057201498,28334.904184742,27367.115094108,26629.5529419501,23877.0931404855,26300.274261175,27825.0273492567,27230.3968496682,26771.9657650571
ARM,7299.40001858866,8362.90084037119,9525.23146779778,10898.8483795634,11727.4821272949,10143.2350796867,10438.5641904169,10990.177099035,11796.2741177994,12194.0189523843,12667.3757330249,13112.7600902915,13192.9940731731,14243.8749003795,15037.0452420712,16215.3607965094,15052.9359791136,15921.705281964,17886.1783877168,19402.7510915578,20078.7848984844
ASM,,,,,,,,,,,,,,,,,,,,,
ATG,26303.6179046605,27692.634871178,30827.3416754916,33245.2678606765,32756.3067839753,28405.6900929523,25826.6086383235,25023.9174488179,25592.9066121735,25206.8458285339,25557.5249124716,25734.1516444171,26627.71453894,27199.1952402262,28878.6067675471,29651.8641526705,23930.6714995115,25745.4958067746,27941.7851474762,28474.0444178181,29371.637778586
AUS,49061.2761503925,49997.0664953941,50693.7248649798,51663.2403953881,52473.3819160773,52407.9115378584,52739.2681556133,53257.0473237603,54403.8836902433,54895.0052588984,55489.068844146,55879.9958817103,56529.951824687,56881.8569859104,57647.8455068105,58048.6188420831,57260.4650530108,58327.4146842325,60029.1329190733,60684.9596204883,60303.9817116245
AUT,55980.2317146013,56890.2794433829,58460.2370782474,60470.9099906715,61157.9873105684,58810.4422020872,59730.5512005635,61272.2584397775,61376.7207131054,60863.0547666965,60845.6597729815,60951.6892510507,61572.7121353063,62535.8983176843,63778.0257051746,64609.374295614,60276.4153459141,62968.9422311892,65694.5513287254,64536.2981841434,63788.078678479
AZE,7937.8594791002,10054.1003389401,13371.6585214534,16587.3657240228,17963.0208126838,19242.3900077231,19925.3900662137,19358.0778100345,19523.3737161356,20398.6462250349,20709.201611232,20678.7539572375,19822.4105943941,19659.0048562768,19781.8509058437,20101.491875147,19126.096851126,20111.3756952109,21051.2442291612,21310.7386915022,22072.1491157176
BDI,1009.58916929728,981.533210986845,998.069458519996,994.963590921008,1001.61751311947,988.19632868896,991.038897704986,994.691231245018,1002.27452805218,1014.5231007912,1022.29153627273,995.319068450023,1009.63596796379,1023.97040626757,1046.59511246023,1057.95005999167,1030.77026419371,1035.53857384938,1031.25412243175,1036.16712196238,1051.25931339275
BEL,53406.6918625201,54346.8934219286,55367.6227467907,56983.4612170062,56787.7366257414,55258.7071019666,56240.2030936239,56585.3025000677,56356.8251292135,56263.1752679668,57002.9092185204,57509.0245728702,57901.4976903148,58529.3302957534,59357.6896884394,60479.9769955466,57333.5424137922,60669.2137746531,62561.7810453236,63095.4017281289,63347.7858809235
BEN,2672.84404357157,2632.47251454328,2652.21841967159,2729.13741390352,2777.61974031765,2758.07243150648,2733.57399641151,2732.01249647957,2779.7264808532,2893.0467015352,2987.38236326153,2952.00218338705,2962.66381572265,3041.77929984989,3155.4510650627,3281.10470051465,3317.8597222557,3464.2886286745,3588.32519938147,3721.21254814808,3901.32588494392
BFA,1581.25620933294,1664.99543180023,1714.76034904509,1731.93046335077,1779.32710911571,1779.32305627973,1873.97146230828,1939.86659989406,2003.6646118745,2057.0639319853,2083.19844698304,2101.70266192027,2162.72578977814,2232.28781490944,2316.39432079045,2391.53626844484,2380.93171826574,2486.43093147762,2469.19956941259,2486.20669812871,2547.67232852209
BGD,3071.83778764611,3231.61370692891,3407.4273502159,3608.91543819399,3787.9382761855,3942.13631207203,4125.46390163202,4352.42643359325,4592.04840919812,4822.72621378266,5068.63965672741,5352.71133299566,5682.53553494306,6005.70718781048,6392.59334024091,6838.32611608243,7015.19792797056,7441.06913961254,7888.16389098304,8242.39798977242,8486.78495660517
BGR,16389.0282419117,17678.1074943214,19024.6223691232,20440.3375318665,21846.0454072872,21251.30543262,21724.3762726863,22321.1253679157,22618.9040490702,22954.4918743089,23455.5804023134,24562.750842738,25636.8508634132,26691.8686963123,27691.0089237623,29150.0422926763,28521.3251326769,30959.1118459807,32433.7937497005,33073.8179631314,34221.5294617032
BHR,54045.092888858,53478.2662415503,52691.9323366851,52731.7921672618,52765.3899455546,50665.7507489219,50704.8479679819,53132.3284162611,54516.8406594787,55376.4005147894,55065.8189472129,54149.9131524721,54107.0752236423,53859.7749589601,54893.0724411368,56749.9628370612,53814.2452592358,54954.6757895532,57572.997981018,57819.9051831242,58891.8304860737
BHS,34617.8051137459,35365.4663980219,35789.1322131898,35797.118972073,34498.0351399173,32630.263065979,32711.4592459383,32535.6625139135,33667.5547098911,32402.9163503108,32712.6356664811,32777.5849410742,32172.3365152976,33050.0350128611,33650.2164350935,33202.4902105068,26452.695760929,31064.6822166194,34342.9285316569,35221.2696932313,36244.0500123244
BIH,9344.86891184204,9814.51034158831,10430.4552500579,11178.7278411828,11983.7696596485,11826.6991802051,12142.9120522116,12487.7008428301,12626.9786875839,13135.7719791089,13458.9083902112,14220.1489744552,14873.7027917131,15554.7232481788,16349.0675137661,17029.3678184559,16747.1048417525,18286.7373324233,19298.1971056448,19805.0002774731,20527.6935527158
BLR,15052.1182160947,16579.8731683834,18349.8719060634,20019.6111676728,22137.9472928315,22236.8387691136,24012.6133040213,25404.7566082412,25879.1319400701,26147.6253584645,26564.4347246547,25513.2132958317,24846.8301529359,25503.9809845207,26363.4629778536,26798.8206398076,26731.4953869922,27611.1801135157,26537.5083081674,27782.4380139967,29040.9725790425
BLZ,12807.1658774384,12714.9697390831,12912.5300233774,12973.2067214746,12415.6811300464,12033.9096816588,11913.6635959061,11641.7717375703,11843.4153404212,12064.797259406,12272.2957895446,12348.7944978311,12063.0600374093,11572.3007931461,11451.8979413877,11765.9748661176,10045.1404163746,11716.3267818656,12565.3645829576,12371.0086545348,12621.4081961897
BMU,107803.199358077,109335.385931485,115170.899920201,118691.070025545,115942.72717347,108962.816946419,105968.875104213,101989.927295974,96711.0739703323,96549.7874807583,93042.2733051033,93859.8769494621,93265.0675364638,96437.191438851,95639.2267310584,95519.9206861686,88618.0830682257,92319.6714861219,98145.1689383889,103052.348367859,109311.936941299
BOL,7811.59684101948,8020.63568776794,8263.31896895542,8493.94848397403,8865.27246783163,9011.55629962953,9230.39808115934,9554.44502529396,9884.46163420335,10391.38337536,10790.8472899414,11144.6415727207,11448.0218032246,11755.2556195885,11920.3135079645,11930.9159145918,10285.6590750222,11202.4409836707,11487.7148799194,11616.1575595159,11329.1518061536
BRA,14911.260960772,15221.0138281917,15657.4795714009,16440.5837398046,17113.3679822772,16939.4407809047,18062.158110224,18627.8104527933,18832.2195524356,19241.5059814525,19183.1727445223,18357.0690615421,17620.9272434403,17724.4799577815,17917.7492122925,18018.62091495,17327.5157248143,18075.7060048757,18554.0461828519,19079.8122132253,19652.3654991704
BRB,21771.9014007178,22514.483943994,23766.6070131111,24145.753990727,24171.6517995745,22840.8841002763,22243.4579670705,22102.4817004397,21286.3318932135,20854.5676341718,20959.9650372142,20666.9651609374,20930.633669268,21035.7933581451,20727.4216338412,20737.9776890352,17728.0729247569,17682.7314537483,20716.2851304966,21318.6724772626,21837.7254102057
BRN,101497.754798655,99795.6850854526,102248.510300567,96752.6204091885,91275.5000919182,87875.8283546044,88586.5133683924,90279.6634042123,89718.4636049982,86606.6518910199,83310.6151819533,81910.1882959493,78880.6228501768,78966.8643142346,78099.0507802561,80228.1598170527,80280.8980640677,78248.797127611,76357.829114996,76616.7014884981,79071.7333801445
BTN,6517.99683290216,6850.80441609334,7140.85609148376,8195.07074477912,8470.03471622855,9019.11861272397,9985.28455483655,10714.686566371,11143.9445354588,11212.479426698,11744.5189124825,12400.2983237391,13320.9759036882,13482.3425280358,13854.8543977158,14555.1884045845,12979.9369485824,13458.812666743,14061.3120274588,14610.2959119536,
BWA,13984.8415112641,14361.9576327759,15275.5828811117,15850.2343496231,16040.3153236098,13489.9509168296,14545.0198074427,15236.7188843522,14957.6189142932,16369.4252971454,17052.1924105361,15994.9643042101,16905.588740873,17352.8958451454,17825.018569213,18106.0105471124,16289.3913582645,17960.6254447437,18647.3734588832,18932.4802712334,18068.5050714283
CAF,1236.28534712166,1219.5939445674,1251.87082171335,1284.55283590666,1283.2728263106,1402.68164770801,1479.41367757692,1517.14839091011,1577.98053252253,996.896355923912,1001.85598053496,1043.92171697157,1073.94477703739,1103.86609318724,1125.70091748228,1145.09563657752,1136.57052993758,1128.55237996459,1136.80171107045,1132.67643369804,1111.21941638883
CAN,51210.6796118735,52356.5578038534,53195.781842155,53761.8620298113,53711.6792064975,51552.4223837895,52558.4408142168,53681.1296700569,54034.8034751988,54712.178423981,55723.4835404159,55660.8675272614,55606.1549191947,56612.3285367448,57337.4909099991,57583.845798092,54092.8790317796,56995.1176781351,58321.0611834624,57517.4431587432,56706.8238031978
CEB,22666.0859774551,23837.3866148425,25490.8334936571,27204.989770166,28468.5964153978,27511.7402795635,27958.1572558149,29053.1410411621,29385.8411072238,29678.3493271629,30741.1875295978,32054.2619067409,33063.4235806357,34898.8933468064,36731.3989449303,38302.2924608286,37280.2858458592,40122.4708640722,41834.7254053812,42109.6797264149,43029.3833307254
CHE,68263.4411390817,69692.5954827493,72077.8598470308,74234.3010991931,75355.202488789,72709.8138293408,74290.2619629278,74800.8886353533,74883.6158924249,75354.1550500884,76189.6018443969,76566.0772542148,77301.2124304857,77626.9027376941,79261.3563641288,79596.7029465098,77324.8870934007,81001.4111206118,82777.293582076,82295.2993346568,82286.1801896488
CHI,,,,,,,,,,,,,,,,,,,,,
CHL,19961.9835794233,20918.5275760681,21968.5375355854,22878.8834428789,23509.7816931441,23013.5817893814,24116.7694715614,25366.2690249825,26670.4971338402,27291.3576525957,27505.0495524158,27811.3745158617,27958.7284996682,27892.9946862827,28492.6611456515,28218.5343879081,26248.5616432825,29089.850459728,29569.4775527937,29563.6780243659,30182.7871224714
CHN,5684.16873050981,6298.32318474516,7057.09993331646,8013.71568302247,8743.74491232188,9518.43214737204,10476.3123630451,11405.0172845617,12217.8543175465,13080.8288162668,13968.581485524,14856.7807604461,15772.7647598696,16757.9736318662,17806.7902349725,18820.5131033646,19215.1541703465,20843.2978347377,21499.3822834427,22687.0758723942,23845.6197217259
CIV,4088.94517328472,4032.24588029846,4049.26032962496,3999.69095682208,4096.72346918931,4151.05360874982,4338.65248394142,4017.40782040208,4234.18055593319,4597.18635239866,4907.57450294516,5110.86240809881,5320.84646239855,5556.11366322898,5670.20005356688,5894.87874674153,5787.81533309018,6045.20480490879,6272.26395759415,6520.89886460031,6747.03796777388
CMR,4222.96638689885,4199.72270969362,4241.51744722821,4302.6192630847,4300.26640352464,4286.57718166156,4286.58302947378,4307.85195558527,4382.11120797355,4473.57231896434,4588.4864949903,4698.66677843587,4767.13186148953,4797.97544185544,4851.48003949961,4882.35560028896,4763.48194388066,4793.55628200196,4843.65038202917,4875.25120768005,4916.93354019494
COD,987.746920877671,1016.6338907666,1036.13329616563,1091.0040733455,1136.9467210438,1108.57506967795,1158.01422439658,1205.73984565432,1267.23827814087,1342.74156112016,1392.75841334673,1433.21579814709,1388.80163211633,1395.71961761712,1431.7285269693,1394.76461472893,1361.02791099008,1402.38560295221,1484.33841881449,1559.33806475859,1602.074979895
COG,7577.44597274153,7876.11806658285,8192.57979719023,7375.82454100145,7587.28826163492,8138.45033818822,8583.66179834288,8492.42098392103,9079.68656400891,8798.49382506314,9159.25664414045,8977.70681641417,8001.8255194505,7372.77046737599,7029.33651566257,6939.36913397466,6350.50913409722,6263.21161292636,6205.1050414034,6172.28776650683,6181.47071635967
COL,11607.9384935105,11999.2549591305,12636.6246577724,13318.3033138168,13591.0609028567,13586.7518430982,14037.0642668639,14852.3699513061,15279.4790008058,15912.2471293239,16480.3631474161,16821.3801400631,17003.244366485,16986.0334182842,17104.1313545678,17336.7716030551,15861.4999291295,17383.0901728295,18458.7209460704,18382.9976800475,18477.2146664536
COM,3058.38338421434,3166.36268239583,3048.69236655028,3012.54746686894,3070.36952892496,3107.45297029798,3161.37481152565,3227.21653582919,3263.16316392712,3337.59859719238,3334.57512780965,3302.38635129322,3342.76677092883,3401.85239322573,3457.58685798732,3451.42139338772,3377.74564051638,3377.88518482587,3399.27830776976,3434.40177367723,3482.53486037478
CPV,5268.30312485708,5565.76951208069,5941.38218091511,6767.40677380347,7169.13944155367,6994.5740991365,7072.12150207342,7325.78441834692,7397.82220702474,7440.66242650114,7491.02198228243,7560.13649202469,7881.30336227784,8234.56000312459,8531.12961646549,9111.62993173269,7207.86853962048,7685.41921393669,8850.1066918812,9228.4604533114,9848.95276350935
CRI,15323.2892201469,15703.9624720506,16620.1356432064,17743.6227382356,18334.0135988616,17932.6147807275,18660.9198222783,19254.9142153099,19960.7933253035,20232.2670799446,20724.9217693423,21254.7840932049,21925.6000803999,22622.5534502517,23005.3121471794,23364.783127574,22211.8613921698,23852.9253020002,24831.7193480342,25979.6286150717,26973.4361580719
CSS,20350.4732151438,21417.1585347256,23105.1828868098,23936.2004354488,24319.2051196131,23485.3476402604,23877.4955111535,24001.2271122678,24894.4243263693,25222.7295712406,25714.3530662098,25478.6360975466,24416.1391025428,23997.9154256351,24087.8015339711,24160.9840718485,22301.7958051804,23493.3054375431,27046.7067687718,29615.1562021489,33979.6741599298
CUB,,,,,,,,,,,,,,,,,,,,,
CUW,34288.7399622733,33651.5043118952,33334.856514074,33490.2548894598,33795.1308443427,33397.3971262631,33004.554021481,32704.3556352667,32320.8769567577,31753.384552981,31128.647036239,30861.3205298178,30209.7882652792,29729.1010079753,29256.8154066419,28659.6557023251,23669.7707733018,24905.7684453244,26734.6457811916,27617.9204919042,28762.058180431
CYM,,,92213.0768210996,92343.7260001978,89380.1514801096,80631.8445943625,76294.7641308594,75094.8308085917,73982.6776694492,72988.7055776283,73051.8114153598,73315.3848584988,73941.8590538337,74599.6807673263,76124.5501254035,77476.8412822407,72183.1359045895,74160.4914000191,76818.8004032916,79675.8568481808,
CYP,40020.08984375,41362.265625,42595.37890625,43823.94140625,44295.8125,42253.5625,42102.45703125,41212.859375,39190.3828125,36650.72265625,36105.05078125,37258.65234375,39501.015625,41418.16015625,43510.2109375,45454.36328125,43402.5390625,47632.76953125,50623.796875,51453.7265625,52635.58203125
CZE,33452.3408000614,35535.7479961511,37786.8781740905,39629.0061324728,40328.3426630095,38175.1422773334,39097.3886218756,39708.1626280195,39347.0492956846,39317.5535692377,40158.0164275735,42066.5759800801,43069.4659744727,45177.5226053634,46301.082036029,47763.6165520254,45119.9387309139,47796.0337408466,48390.661678675,47558.4106763314,47963.8968485782
DEU,50704.9219887398,51182.9591615718,53222.0409282226,54832.9610328446,55425.1109251245,52484.8550055388,54738.7083006711,57858.4222602355,58017.5855783147,58089.1708538296,59108.6977289315,59573.7089539686,60407.9713703755,61866.4872205276,62381.3478772241,62849.3741865912,60203.289760263,62530.7653199239,63676.087821808,63039.3719696432,62554.5547232436
DJI,,,,,,,,,,4469.07409933135,4705.04926772184,4961.8681860592,5226.50026106607,5421.95649149613,5590.50426604853,5809.30455041341,5791.47767679877,5960.10807396825,6180.67998594606,6510.67859061619,6871.12440453129
DMA,14962.2456326016,15080.5206040984,15727.7053232323,16560.5179009944,17738.0405685048,17534.0339616963,17516.7879573152,17475.0411061698,17431.1288003063,17282.6368040368,17520.8546265613,16920.9126555668,17364.0773046793,16314.2295558891,16877.1244880642,17619.4335416769,14919.5307686719,15808.9743503945,17550.8009946466,18278.2253401989,18739.3640404986
DNK,59893.0929898784,61137.6803582961,63262.7404572232,63604.5626658193,62968.1612290596,59516.5093273659,60190.6346060499,60729.0557255127,60497.6919146995,61085.0312821103,61552.7997775157,62405.7161942122,63823.4502019665,65352.3988081353,66238.705427981,67131.4657009734,65744.4367251959,69715.1809680929,69475.3198650883,69379.22000847,71431.2926242287
DOM,11131.2709216332,12022.5080544053,12961.9183632133,13754.9212674095,14030.1411084465,13992.4103270189,14975.0010126958,15258.0858148503,15487.2776356321,16054.7677297656,16993.587444403,17973.1870256815,18968.9752386179,19501.8743054078,20662.848586153,21451.286441995,19545.4099552943,22053.4589869955,22986.95808105,23282.4895071054,24229.8894872915
DZA,13226.7650481165,13738.495644436,13920.6940553701,14114.6745192683,14206.7767147039,14104.42817214,14496.4211312996,14641.9640935685,14697.5396133853,14778.1914257233,15073.7629403565,15239.5171456469,15511.6858768094,15427.6641894713,15343.4261222434,15199.1989965639,14194.1557479619,14496.8654697299,14782.2002970247,15159.3242373415,15501.9197003966
EAP,6083.37390178038,6602.0046296219,7224.72891726156,8000.04080841655,8584.59698871691,9145.55937197305,9942.05612363275,10666.0129785643,11359.0367912208,12057.7114894969,12769.1064142494,13493.1686234666,14243.6077151602,15060.0306649328,15924.7426633518,16753.9447628439,16816.6802044952,17966.232211586,18600.020880698,19522.1886573188,20452.5458896974
EAR,6678.56505296278,6968.13714693824,7283.69002120217,7596.35423975143,7746.87244825617,7774.33773434469,8162.08649693166,8455.27831338001,8674.24262047591,8917.86326089082,9205.14247785474,9536.09869046762,9888.49532136733,10252.1107558915,10561.4040343593,10736.257704342,10191.9689254726,10831.8239677513,11378.5486537272,11835.7249251279,12188.0408691409
EAS,9822.02938797795,10389.5348605951,11051.69155641,11869.0038166633,12377.8566019042,12714.2237120724,13649.8185307789,14359.678331653,15050.3477434872,15769.1578101278,16465.1829478381,17172.6129371519,17906.8923162744,18741.9275790888,19592.7875603847,20360.1789601769,20267.2549941632,21508.4957629882,22175.197366634,23098.9334393628,24015.9380810406
ECA,12696.9269314465,13617.4627023319,14695.4767511787,15785.8515243826,16208.1405582938,15295.0006884192,16159.5274975142,17224.2732237076,17660.373793745,18452.5409296681,18554.7253318001,18691.5218428477,18992.2222480179,19833.9869165449,20399.7570509537,20780.2139282424,20540.8164856867,22121.8258332363,22272.1276293128,23558.5515901193,24350.3376919656
ECS,33030.9705248943,34028.6620981221,35505.0580432014,36985.7650630137,37463.8814972092,35515.9205157934,36408.7097554106,37348.5831797734,37472.3572532191,37739.5844741677,38215.4941201189,38658.8920830402,39180.4967897882,40232.2658442438,41055.44504333,41747.7228403984,39677.3321744647,42315.3860874903,43405.8010013308,44089.5069128639,44818.539437368
ECU,10290.6634264766,10660.2046228939,10933.4897470283,10952.8226853948,11474.5257023541,11403.5277978831,11665.6978598204,12449.0785549218,12961.0267423765,13689.1520460125,14064.7992246727,13881.5700738105,13586.5160772568,14179.1537503305,14083.5069982304,13870.4895118068,12440.3263747814,13507.4445638375,14186.6388544625,14343.0190134813,13935.5391125402
EGY,10451.8217511537,10700.6090373232,11211.8320229508,11782.0060717966,12391.5847624705,12728.0814586737,13128.9878334085,13082.4263680701,13076.8052395914,13058.0748239258,13136.365629827,13425.9119599775,13727.3201600494,14018.360593453,14488.2094340483,15026.5682438097,15309.2359881702,15579.0160861551,16360.3907750364,16691.387399222,16798.151577864
EMU,47581.8440552448,48190.2528523335,49572.9061427398,50812.7588970662,50769.819687061,48301.2373515819,49154.1682709208,50060.1981414589,49446.674183747,49261.8477322625,49879.9062753525,50796.8784465401,51578.7517913514,52822.4107675307,53607.8350702203,54379.98512666,50927.3702872806,54187.8852814182,56046.7480108303,56110.2561221396,56432.3120157863
ERI,,,,,,,,,,,,,,,,,,,,,
ESP,42793.3902326006,43570.7652574033,44572.6815459931,45301.2843416374,44926.348951812,42852.220888454,42695.5274189933,42271.8346788238,41034.0481566356,40594.914008768,41339.4111169417,43053.761430314,44274.6676149922,45446.2508575695,46325.2099441141,46896.4171141424,41553.4477945675,44251.6658222621,46733.4809780536,47322.5937004504,48460.2914069661
EST,27384.0831488798,30164.0063711861,33304.5935377333,35989.864986622,34236.950125417,29284.4047394108,30070.2990791103,32456.1208864878,33768.572369804,34484.2236457273,35723.6266134228,36356.4410152614,37470.0427676805,39533.4645582199,40853.6487755073,42218.962853871,40920.5270623015,44251.5374983455,43128.6327713627,41288.6165892158,41189.6675300734
ETH,877.114494970686,952.115666295785,1024.72911938972,1109.14330261241,1193.74728332973,1262.46398002755,1381.19044652656,1492.5339647204,1576.76875736149,1696.86515591049,1821.39161774962,1957.41454187301,2084.840556194,2222.82824481382,2311.16511659606,2437.97046055952,2516.54907642544,2588.41310215884,2655.59276743729,2757.95923634026,2892.22220168264
EUU,42725.7290845534,43476.4803308602,44946.5215612179,46274.4051559493,46520.3727193221,44429.8245385024,45250.3903983527,46205.2085460232,45787.932620273,45723.9750484158,46454.7509937627,47490.6745941101,48336.2770925391,49704.0306433211,50706.3680766011,51662.3607067392,48770.3748814008,51969.9654059153,53777.4777646451,53869.324634409,54337.9176393633
FCS,5374.50243385374,5528.30832229518,5734.51387189797,5965.16029961574,6111.27426760953,6020.47268087226,6276.40428236732,6318.86185108577,6409.14325666909,6455.71961967174,6410.16965054799,6340.05087419389,6353.04340447186,6361.74018504626,6406.3832224966,6437.16415647199,5928.77681090957,5861.94542901286,5693.99860611589,5715.72946707477,5724.43886654967
FIN,51494.705860401,52744.048034135,54653.981203281,57313.2916474478,57494.585352886,52599.1487066911,54017.9458623339,55053.3906850323,53957.6680986279,53183.4286685126,52710.7334867778,52782.4873926277,53984.6316254715,55637.2262781223,56226.337241343,56922.4873163103,55424.8574989208,56790.3766177692,57068.3056478074,56250.8787899319,56123.1479579839
FJI,9766.52768879045,9745.58145847385,9837.08591539941,9672.29015915616,9711.96604655315,9536.81721085631,9784.30356200221,10020.6957855059,10140.6936395636,10604.1558725865,11183.3135357123,11674.0633525272,11951.9196317982,12597.3274662764,13100.0959551236,13056.3310937089,10812.0355014178,10322.4279638854,12118.3182710082,13194.8047570404,13592.4635937435
FRA,47720.4413351103,48257.4650937971,49223.247197008,50157.7837477634,50068.2969141379,48404.9657826363,49130.422942344,50085.6829779109,49935.6269081617,50066.5304324783,50326.567863089,50682.8953586333,50984.075297832,51895.5662985838,52560.9536243841,53448.5548849943,49311.333409639,52517.3354905855,53673.8137406422,54296.7230897731,54799.3482689389
FRO,,,,,54263.326408917,51533.5447770645,51479.1939803423,53440.3360261046,57523.3238940741,60948.7676649487,64018.0937166287,64008.8523742079,64155.0271268999,65460.6067882316,66193.3474230922,68134.0306302109,66032.9109106183,68426.7943218898,70256.7191950519,71807.3137035442,72059.580327154
FSM,3586.11247849917,3685.99439466343,3701.35082122551,3665.65753455567,3601.90031821178,3674.48835418326,3764.95289087757,3901.67577698307,3828.74704775533,3680.10650035034,3575.85071357893,3723.39901795888,3746.13008308173,3813.44207942995,3798.59203794112,3940.26446989917,3852.20025570019,3946.41608109166,3814.99076486823,3814.72009332148,3824.1523439548
GAB,20438.9307067212,20385.2899909742,19224.1268658969,19751.8762216408,18493.0921103343,17911.1458491661,18530.5760936058,19153.0878201525,19450.4027067379,19836.4554852011,20008.9899779322,20147.7116202405,19988.1755963792,19555.7078829752,19225.5982575261,19491.4067631986,18681.4840738985,18523.5798032193,18662.0497970621,18701.4227766897,18923.6616611651
GBR,46558.1299600699,47529.9377511933,48215.0486668938,49243.2517368789,48833.0712359377,46241.8039957358,46917.8912974837,46949.0207981339,47328.2100308702,47820.2821627006,48964.2863514962,49652.7188154397,50346.8592925717,51586.6756125445,52131.6948248133,52515.684446109,47158.985486323,51004.4271714238,53139.151252206,52592.6822066393,52621.1790252979
GEO,7693.91525392067,8485.58670534953,9337.98906420101,10567.2747164758,10856.1031328003,10553.0896395853,11294.3685917112,12288.6828861156,13193.9596974054,13913.0018245661,14475.3135356035,14936.8434116647,15442.9564358054,16237.6242230275,17228.6790847503,18186.8816465807,17031.1440283426,18915.6534005263,20966.5280391134,22590.5293649146,24883.9081161639
GHA,3607.36522285021,3721.30785741996,3857.86154847605,3923.12567803728,4174.78124103364,4269.16005861557,4495.68916584106,5005.36732498187,5339.71321903045,5593.77481886917,5619.07233511591,5607.36635657413,5666.07795334591,5993.63085211077,6234.51208201488,6508.24652305901,6412.68541762469,6607.50297378321,6728.45414012286,6808.53775165029,7055.62496009323
GIB,,,,,,,,,,,,,,,,,,,,,
GIN,2477.50282602363,2501.22160456279,2478.61319510726,2587.0048887648,2629.5397474637,2537.30645758746,2594.83050344245,2673.40873029955,2762.90350938513,2802.56007024474,2834.96634347846,2869.85157178732,3099.78874189372,3332.76576150531,3455.64512638662,3557.46233883145,3630.99330577677,3738.8051255133,3792.01068836277,3904.82395527998,4016.34191386072
GMB,2794.19352609118,2653.64239155191,2564.68653970519,2567.15728802982,2649.61119865306,2745.32540574768,2824.21259222517,2519.83983255672,2574.93509664061,2572.44728941685,2465.10971144823,2495.95741601525,2478.46055756999,2533.18683710276,2651.43281455826,2750.82132179634,2702.31919474482,2777.79620978324,2863.18049829859,2963.59873325179,3057.68417746891
GNB,1979.57457765814,2060.53834311757,2065.08370690452,2065.86121747677,2105.54284991215,2102.92720552345,2164.13349780236,2278.40566106623,2180.60762289148,2192.45628322206,2156.2021908175,2230.39106612596,2293.23583589196,2342.41526571427,2373.50158144916,2442.10663731324,2455.85606168546,2522.76764302521,2603.24022588591,2693.77665018683,2744.27981043716
GNQ,28225.985816122,31302.957953874,32251.7680082519,35540.4477563657,39994.6159790647,38706.6052512135,33668.8740654852,34341.9342607505,35711.4919273537,32894.3693189101,31765.8997056851,27797.7942803179,24435.0645564801,22250.4389230263,20165.4795550607,18446.5916579681,17089.153726379,16821.4486470413,16932.7706827155,15688.2384192658,15454.428493564
GRC,37811.4913664483,38146.962971083,40483.1569225337,41796.2336918303,41709.3877420312,39886.2135496664,37566.7483686263,33906.4917435676,31250.2268565956,30762.4432227813,31213.3765120298,31347.976574604,31468.6198471099,31995.4108838386,32722.3310444029,33502.7506488997,30487.1129331045,33531.15511226,35831.3441781205,36700.5134631055,37474.2798239947
GRD,12593.3546257337,14211.8426569264,13594.355159621,14376.2824512778,14463.560012123,13463.580293958,13354.9085012616,13397.8500405513,13161.3955324377,13386.3189064112,14287.9538720088,15136.6966673773,15640.8274503805,16291.4894625979,16964.852001696,17036.9151689715,14647.7451384876,15290.250903138,16376.4273099594,17093.1562867447,17751.5098662481
GRL,49742.0582266726,52189.001485462,55243.7102798786,56763.2387284359,60506.1946272328,61035.5672997071,61863.2826915137,61170.9203658321,62111.1033086807,61659.6415225985,64799.3056628017,63364.0536061164,66245.7294730698,66297.1790691281,66887.6779268926,68534.9419039133,68533.7339902964,69302.0088788237,70681.2253902158,71037.5372239623,
GTM,9003.85719003217,9099.72328845701,9386.00114713774,9772.8053901732,9889.57209974855,9740.70936130832,9825.0176796825,10032.088632465,10126.8283621986,10297.8395710411,10553.5642244297,10785.9584615777,10872.5939962916,11005.4593976653,11192.372055508,11466.3765822795,11097.15041153,11825.141273764,12147.9309684074,12384.948508094,12640.8875023146
GUM,,,,,,,,,,,,,,,,,,,,,
GUY,8404.2001629708,8256.52519071138,8702.33133494001,9354.08017716534,9546.70875949436,9924.52660770631,10374.3947557656,10958.8598838438,11534.9985588659,11896.9069854942,12030.0529344045,12040.08253302,12420.4724727603,12801.6408529346,12980.3576003177,13402.4219472757,19234.1301977637,22865.9270968882,37068.1993827588,49312.3603225444,70516.7215064805
HIC,44356.7846297315,45533.899208539,46910.8601812968,48145.6974565439,48338.7785910574,46327.4026473177,47586.1992927683,48491.0636383668,48959.6687017302,49441.2127747411,50214.0636863407,50977.3755991058,51585.492279655,52651.3288295953,53756.5134637637,54610.2148969437,52316.6090468179,55480.5274960962,56904.4456638627,57537.2480250637,58334.8148082742
HKG,44836.2053321129,47938.8998017111,50981.7931037524,53813.0792084943,54630.3763985044,53172.3001900618,56355.4117939379,58672.8294901182,59015.3332811946,60601.6097817011,61839.810843419,62779.7484353718,63749.4095274634,65662.8359167546,66993.9679794398,65388.3336248234,61328.5288044938,65884.9376260603,64036.6454154727,64434.5576690871,66153.9746651078
HND,4885.34258343422,5056.67544412551,5263.15029099578,5461.90151889031,5566.70639487722,5313.75573967791,5396.07227927744,5488.43371596332,5600.6077605497,5644.13384802045,5705.16246265484,5812.5348879105,5926.49025534228,6099.60734919414,6219.27973775059,6264.01884276715,5603.26398377777,6202.98078812037,6352.58710177732,6467.8800352783,6585.85535717861
HPC,2267.84339099489,2328.97345011896,2394.69634097223,2458.89715452073,2527.34515183734,2548.29125787828,2636.27574954962,2679.72116452844,2711.73890312719,2788.51480778469,2859.06541470149,2910.69027383449,2953.65942785158,3012.68215863629,3049.71446182911,3090.51002329999,3000.44997662459,3035.06077004993,3090.26152222753,3108.28187922993,3177.46280838769
HRV,26528.8871708586,27641.2061841194,29035.5295382035,30508.2798073417,31113.8644665737,29024.7588699632,28702.0030009381,28769.3294749331,28259.3454882464,28397.8562080945,28456.7371595258,29466.6996894141,30821.1637498177,32348.9341876482,33729.9071211239,35122.8508251139,32493.3121954167,36930.2841941405,39864.0100879958,41320.2032633085,42829.1978370384
HTI,3130.85551975981,3173.26081032717,3174.97622258076,3268.81890675823,3300.25849332968,3437.3806965318,3205.49829961515,3330.99820416355,3296.24782448974,3387.47180169748,3434.63597400578,3433.07529240973,3446.75276647872,3485.4923470131,3496.87870320748,3392.43263210456,3239.83543441301,3145.00681057269,3057.42840826502,2965.94622340134,2809.64535578242
HUN,26568.118861864,27765.7886146197,28903.0475407078,29044.0669021254,29384.0070385818,27445.959458479,27801.833816111,28415.1173442897,28179.656464434,28891.0217544976,30264.9492302161,31485.5675425634,32378.9674983075,33828.714942571,35798.0412754022,37662.67681014,36119.5211735652,38887.1909527154,40610.9711368238,40333.2546888118,40686.9319263343
IBD,8397.69827908229,8877.60554505024,9483.93577482893,10182.5836687729,10629.0771232054,10728.8971330412,11398.4047966783,11948.0623005195,12418.8508843242,12882.1225215571,13319.7237552985,13721.6723998914,14202.1569184183,14778.5254595762,15352.2585831081,15818.6727887525,15412.2740252554,16457.4028746827,17005.3678316537,17766.2593239496,18451.0823134584
IBT,7225.7125412713,7611.71097745672,8092.32602823138,8640.33308484228,8987.31514974218,9071.97841688627,9596.57611038622,10018.8739757768,10369.5500588851,10730.2184727833,11075.8886752044,11381.8495832918,11734.3731319995,12162.7615968645,12588.8584634301,12925.5782973803,12544.6569311725,13292.3986834822,13682.5662834982,14206.191212155,14688.1476277429
IDA,3325.14688866703,3451.94029861599,3579.12612434839,3706.86214983469,3806.30214854969,3913.30985067071,4059.15683050134,4163.99440539807,4220.14391730588,4335.98580479881,4477.4145386078,4576.23918423755,4639.18294276708,4732.64618405375,4841.57291525317,4928.16444808896,4737.35267673036,4811.69213600445,4924.78728035756,4971.80174178335,5077.60668312744
IDB,4745.46801552515,4906.27045211657,5059.70887523571,5194.24442948697,5271.03915181685,5442.74904919392,5620.68978717584,5719.5477274322,5841.49480690444,6042.03385913118,6252.49358274228,6355.24608221981,6361.78259683756,6404.39766656804,6518.91623903896,6575.14345610382,6225.73802684424,6358.44134848704,6528.77500867617,6578.77290433938,6713.95120470027
IDN,6843.54654972364,7140.8545640704,7434.48785352221,7802.46406905954,8165.06155116624,8435.4557468629,8848.22473702066,9274.96955181702,9708.61182531081,10121.8141535043,10504.3869411088,10893.6621142169,11319.6634287738,11772.5743296107,12262.2310300771,12757.7850854842,12388.5449268131,12757.0746440204,13334.2653947637,13889.9749067297,14470.4372020578
IDX,2564.40999820132,2672.01889452748,2784.70967630946,2907.65407336931,3018.00138189794,3086.29080871342,3212.44283335606,3319.97423762262,3338.41314039424,3406.20675919317,3509.86431128883,3608.63949208975,3707.16703021306,3833.41633420438,3943.11112463091,4051.22177775691,3950.86131644492,3995.34376501476,4079.70265824005,4128.98529207924,4223.45568925248
IMN,,,,,,,,,,,,,,,,,,,,,
IND,3656.12620652098,3881.9661798273,4129.77837009239,4379.69604361151,4450.39022919238,4731.36160463896,5059.2827108398,5249.54925694026,5460.43768570052,5732.24189090876,6079.84393523695,6488.14602910787,6940.62588857522,7326.60693679859,7714.33974724531,7930.0911303899,7399.53068079041,8050.01857452664,8594.39190499879,9301.75603225735,9818.04270686639
INX,,,,,,,,,,,,,,,,,,,,,
IRL,61558.5783140852,63689.0843530779,65087.1804631559,66590.1938973457,62320.66630649,58547.2673956109,59209.0996763251,59899.917652844,59405.0460751524,60388.9413147986,65575.8061665793,80954.6619818255,80899.0223207227,87882.7074355024,93276.0188154012,96371.2910180182,101968.554362011,116903.61243517,123219.076059494,117862.128878959,119037.731175443
IRN,13807.1953114023,13935.7743087596,14320.6568534545,15237.4237850549,15091.2506521463,15055.1494647199,15729.9131707266,15947.766097961,15159.2948206531,14734.740588719,15262.8515760903,14841.9048340737,15920.3718021202,16167.9677224227,15364.8049052614,14841.0751514998,15381.5845437266,15884.4276775963,16377.9610645368,17044.8173461033,17484.1320140467
IRQ,10210.5631004959,10078.4437646837,10568.9137652977,10853.8161022311,11511.9387643664,11470.5178061755,11816.841015026,12267.5848940673,13357.0143882353,13712.9317142992,13536.8227681431,13516.0271989204,15016.0920644592,14417.6306896487,14456.2357053224,14910.2250318887,12827.6345392323,12731.7535755129,13433.3977166987,13202.3228073875,12725.0431260393
ISL,54592.5314628804,57512.4237338213,59364.2901148281,62940.7473430955,62831.1728631816,57406.4697506817,56211.8345417402,56813.742648754,57173.0434212296,58671.930709837,59133.2701459773,60725.7271247657,63612.5551585223,64303.3782501037,65521.9313424781,64826.4324085557,59543.813498684,61610.2132740715,65380.3173049324,68118.3960312086,67310.0573573616
ISR,32675.2080644863,33512.8909185546,34770.0262786336,36317.8525090071,36827.9249156064,36403.1626371602,37722.4099869836,39075.375376272,39299.3515506546,40148.7774492867,40872.5808449627,40967.3707596637,41963.675796165,42947.0586686984,43814.2949977965,44580.8078825716,42915.9416939728,46162.0822730247,48098.187235579,47527.151024672,47338.8424624205
ITA,51495.0028841364,51585.6445807938,52304.2402949819,52747.1905476807,51806.3906176391,48774.3916833748,49301.6959141674,49473.0149235634,47795.9579360541,46833.3615309303,46825.6511245062,47311.8255262709,47987.8379581014,48849.2183534756,49133.143527174,49690.6298505274,45505.0688708956,49825.3934111848,52333.3274270604,52870.3261442897,53265.0032474189
JAM,10244.2066702878,10278.6834382546,10522.2367459591,10622.4442829007,10490.4686134498,9992.97699539021,9805.90172806302,9932.48380946963,9829.03510015044,9839.96506606095,9872.15913752129,9931.89875715182,10179.2536486158,10391.0378224678,10636.0929784551,10816.3720391154,9891.96932961548,10430.6909771759,11096.6377085321,11398.8120394641,11340.2638800451
JOR,9326.66839127919,9839.68834968723,9977.75903329275,10161.4021194103,10641.5894255558,10938.5027244703,10953.537631697,10977.4820450868,11086.0299443995,10799.3538143329,10148.99809876,9581.68922567813,9321.9045113153,9339.81039725983,9311.53116265584,9288.52709103516,9022.63930356769,9182.496161256,9266.57538251337,9381.35436036929,9520.25064497454
JPN,40351.776374395,41075.8243580849,41613.1483821427,42182.1758636624,41645.5722078975,39279.498871012,40881.7972423185,40967.3431400832,41596.9238038796,42492.2439560498,42674.6976301321,43386.7100739513,43736.1305076612,44505.2792603684,44848.4899421798,44730.9102844958,42992.4796365328,44355.3487163354,44972.3438362201,45858.6595131439,46106.9229230044
KAZ,18886.5811908122,20565.5294470866,22574.3429577665,24351.3464102542,24895.6645683245,24901.3527260084,26374.8407672795,27946.1603432944,28881.2417563728,30177.4887221736,30986.4379168995,30893.7594851041,30758.3227260598,31524.4416339794,32330.2274546567,33298.2123695035,32011.5491499004,32945.8515725823,33506.2614893237,34703.2349286604,35973.9633287017
KEN,3743.56785736929,3844.73557120578,3970.73349887685,4116.45094720856,4002.88364073792,4012.19428382397,4211.52462957784,4307.10611556858,4387.93790075409,4443.371215682,4558.55155266374,4679.62182831938,4770.31046388086,4846.86210851932,5017.66784674664,5171.71264279257,5057.40115537429,5338.85243382781,5491.69378280246,5691.82513474417,5845.20117717825
KGZ,4211.52248307857,4156.95849230116,4240.17017797554,4558.71267894172,4894.9427801376,4969.96132720374,4876.47964886483,5092.85165751678,4993.39431683528,5418.54061993935,5513.7544695252,5600.2143342846,5715.01041179003,5861.22200040503,5951.82876758606,6087.60193826927,5537.79547319377,5736.47883415154,6139.77788825006,6575.77541290499,7048.98952111264
KHM,2491.30930003838,2781.89028895255,3041.10471220153,3308.15747246544,3501.9257021932,3587.60889588362,3711.53750580157,3921.97911563308,4159.16354123446,4419.3988680186,4702.73061823207,4968.57276699143,5283.72964943779,5632.03125629342,6050.59088262205,6448.88455952805,6128.78243783335,6225.53265474741,6458.3681488084,6695.29194763723,7008.88934551726
KIR,2199.67074158217,2183.78113886233,2264.16158033718,2286.4464773202,2172.35767589525,2137.96593927055,2119.64018013945,2150.38301837654,2242.01379114528,2382.37034452158,2381.34837325608,2615.8414365735,2761.9336523043,2822.669652935,2877.60204999231,2927.48453366722,2834.68581354366,3020.49399935695,3107.77604642687,3140.58326370439,3257.1362912531
KNA,20661.3458642993,22612.7126559455,23258.9842253211,23330.0442404195,25898.7823620981,24973.8045286303,24997.5672513428,25380.0087348215,25114.0572603244,26532.1016561725,28530.3072249013,28729.566447667,29867.0265589791,29948.9200065682,30576.2486749244,31512.1943105684,26736.9283563771,26896.6177065978,29749.8700864823,30616.577281386,30656.4410109367
KOR,31579.5283048867,32886.0472450743,34429.6222013137,36257.3401689702,37064.1518484106,37176.1939270969,39574.0500732947,40719.2273771671,41537.6728611117,42709.9751857887,43806.9250985661,44849.106767089,46088.2430785383,47536.7898568851,48834.4471157733,49790.8679884821,49374.0926148025,51718.2518656631,53228.6035655365,54029.3434990785,55070.9386194121
KWT,73298.0621819477,78193.9012127585,79521.3484338455,79474.7611346377,77036.5083833055,67896.2680451995,62956.2152904125,64844.5019019408,64908.262639237,62458.8089221249,60065.6544076232,57763.5174574395,56936.620842726,52285.5871175696,51623.8078622052,51380.6455354631,49372.8187938552,50651.9575337091,51379.8833194119,47777.4012284844,46137.4674254845
LAC,14694.9531267648,15084.7424351845,15675.9008565888,16311.1682916038,16724.7561246718,16140.5852729088,17032.6099507094,17610.0331633001,17842.8546285459,18162.5115754918,18233.0993212886,18119.0360664056,17878.5427855339,18061.8087308859,18164.4680971784,18111.5788705619,16785.1312499208,17874.2749394029,18478.2971735689,18750.3841957787,18989.832395945
LAO,3441.16999706515,3630.55878769378,3881.53736632657,4112.25301659759,4367.162880257,4625.07173324518,4946.10563678173,5266.87866924206,5608.96956337059,5974.47368943414,6341.2122967032,6703.74124348885,7063.25545347926,7432.4596330485,7775.08574451883,8075.27502377003,7995.59502527818,8080.43553249923,8183.03286472653,8372.15591874407,8600.32454665553
LBN,12882.0757995163,13024.6648924956,13003.680803908,13941.5614244767,14955.1413563252,16264.3506182706,17390.7584012958,17353.1960845294,17323.3013764282,16396.4969302163,15205.873265402,14980.020515614,15572.3611739774,16128.5838196051,16290.0516478592,15659.5661040012,12507.4366368078,11599.7755083765,11474.7505845558,11330.2687387422,
LBR,1326.53565502695,1335.61728880785,1364.60347323709,1422.10019670004,1463.12408187297,1492.99817384053,1538.85083488512,1601.03374045996,1668.97289588776,1774.5205777394,1750.1438489328,1714.09047960464,1653.31050211233,1661.30290782171,1647.97443793846,1575.76665001238,1497.37692436272,1539.20892304674,1578.99837069175,1616.92373356695,1646.05861366601
LBY,18851.2039109963,20649.4624580172,21545.2986384419,22422.0117594762,21915.1976208274,20518.9642412838,21115.5259846154,10741.9206751908,20601.0026641,16557.500941665,12499.0829968523,12195.3486990421,11831.8257669559,15428.1164411854,16385.164476127,14337.1962987582,9978.66400110743,12641.5097714075,11450.0598552928,12476.5974944083,12583.8338726816
LCA,19715.8297745985,19491.2182260584,20551.0599501307,20759.3043872305,21651.233776084,20907.3343580129,20849.0551242245,21637.8686925992,21515.89963362,21029.2888872138,21214.4773346334,21142.9733304366,21775.4737658629,22422.5970388018,22981.9179294013,22738.2471068581,17142.044063192,19101.1652956675,22962.2818144554,23403.7440265988,24252.4688588491
LCN,15160.4924321455,15565.8223926843,16172.7101003788,16820.9527256224,17243.3263542645,16665.7968741583,17552.0359470296,18151.8345278753,18434.9424879763,18767.8746499488,18853.4078173274,18763.833651436,18551.8182749603,18745.5824358526,18894.209543149,18882.9520259096,17508.2430480342,18694.1407748025,19352.1819162164,19656.62856612,19959.4404021983
LDC,2320.00969809247,2438.34684459581,2554.75855087334,2689.03224335791,2804.89369502388,2865.13063673889,2978.17163123982,3056.23880519937,3134.14485975635,3238.92379095762,3350.11876930954,3441.66399456899,3522.91896139406,3620.75951852676,3718.46631552159,3825.14512737437,3739.0676637816,3754.2792879925,3853.83273030739,3892.8643306095,3958.13984826658
LIC,2317.10290040344,2392.58989262387,2455.3108837097,2534.74553598122,2592.98737534229,2614.39792999496,2703.70385729291,2705.91642669203,2496.4561984468,2414.50064631444,2419.51770959186,2431.47117269995,2422.19204116876,2425.21162568311,2432.99149398422,2434.3191547106,2347.07879110203,2301.29090474346,2312.38443050134,2245.1287272549,2252.95101397201
LIE,,,,,,,,,,,,,,,,,,,,,
LKA,7059.91098068568,7452.74234124518,7970.66491021045,8454.2067533326,8897.82686006864,9156.31906483165,9832.18622338643,10618.4926000405,11447.6937738135,12249.7223348096,12909.9663068885,13329.7793438947,13845.6146782368,14572.4858214565,14759.8248945765,14637.44429132,13886.6513728651,14316.1352225683,13249.065064602,13024.9404319855,13752.836740386
LMC,4263.30952053785,4473.2186657123,4707.41980455082,4946.43967820625,5080.30050907269,5301.54044215281,5575.53785565004,5746.06732125262,5944.46327437976,6183.67583819575,6464.02971574897,6755.22608255852,7049.04160112153,7334.51120461161,7635.97899988466,7843.63655442009,7439.80749812132,7837.43334833358,8238.69538193574,8649.74836033665,8995.87438825602
LMY,6481.69218490555,6835.94830101017,7264.93868436155,7757.66589586237,8067.1550087492,8245.88562171389,8764.71490671499,9164.42860437342,9500.78675497314,9872.08804408263,10227.536320164,10563.4388345335,10932.0296919606,11355.2499906619,11765.0267871468,12091.285538115,11746.7596171453,12449.4134388469,12853.4642681799,13367.5334663071,13825.5005653101
LSO,2178.66474674332,2275.01614419256,2381.02024562073,2470.31462127885,2589.16635854686,2538.19341751854,2651.37804898226,2749.31958166573,2894.22705048142,2914.37515966739,2930.61724036206,2986.95866729879,3057.26091568162,2924.68096193272,2846.41828124649,2773.28639887236,2517.11044486593,2544.78249551214,2577.54544127769,2595.82951058542,2640.28544552536
LTE,9800.43914484418,10463.9419177705,11330.4161848783,12358.0232027632,13094.4138165822,13330.2590659531,14252.0920575578,15113.7976400253,15847.4359525401,16549.390178251,17214.913795953,17783.9583560237,18377.1004447058,19161.7250464442,20046.3548203081,20852.6820662767,20730.0606457786,22189.5949316763,22841.9944082023,23800.7463665794,24836.8204019414
LTU,21867.2861464791,23944.7019948719,26129.3392566938,29370.7739737176,30445.7809464936,26217.5449293891,26887.4913057701,29240.7487851392,30920.330402208,32474.6413533554,33975.0843756963,35251.2986931775,36618.1468417838,38774.4892011822,41019.7901632878,43062.3228425315,43091.7973723526,45873.5273239486,46651.2145810247,46159.7081733083,47165.3665643051
LUX,123720.261499488,124866.858810412,130284.96750238,138677.965491876,135812.22230327,129002.240187517,131432.059616316,129885.369760706,128895.405145048,129945.453783621,130247.661687069,130097.2561798,133661.649729132,132169.834045368,131733.8846493,132724.752743888,129865.629988164,136772.443753292,132570.826463419,130048.92038753,128475.279802738
LVA,20574.118201251,23213.3539355881,26431.8140222767,29423.7371235063,28726.9722869522,24520.6791475489,24119.7307848939,25308.7322074626,27496.5454583635,28375.1842887263,29243.7412502629,30599.6133134147,31668.5148442662,33036.3915943437,34729.7062763057,35208.1934590859,34225.8976044058,36912.0130602161,37718.7097958367,37277.7217221317,37611.6699359404
MAC,84004.4558061302,87185.5254441553,93828.3198758417,102879.639164559,102474.668562926,104911.140336462,130758.2806979,155385.324208541,164239.261923457,174569.523171267,162813.439348589,123194.067291275,120530.052858314,133322.632677744,139541.157248769,133453.896026037,59662.4855864551,73374.4486829589,59921.441691873,104815.20003062,111693.502831434
MAF,,,,,,,,,,,,,,,,,,,,,
MAR,5996.39013671875,6103.42236328125,6488.673828125,6620.59033203125,6901.95068359375,7063.72705078125,7210.63671875,7503.79296875,7628.64404296875,7839.0322265625,7951.79833984375,8198.80859375,8141.9404296875,8450.0087890625,8611.75,8768.17578125,8054.56298828125,8623.265625,8690.4482421875,8915.3515625,9162.7470703125
MCO,,,,,,,,,,,,,,,,,,,,,
MDA,7573.6178454751,8161.47344724765,8577.02858037286,8854.83397616724,9563.69814290939,9001.23432081622,9649.9509930271,10217.3087761255,10158.3854676883,11080.0634585341,11641.1208436577,11691.0797484184,12377.366678394,13118.8219369605,13895.5043655692,14621.2401362286,13559.2600217483,15682.0703284653,15358.0153548867,15990.4793311152,16376.6113704265
MDG,1620.11953793293,1648.17631554009,1686.86335460016,1731.61751794976,1794.40235887329,1673.15551466723,1635.24511473059,1614.55137773785,1617.79082882481,1610.6023078966,1620.357889066,1627.5806134224,1648.91226979296,1669.72764267278,1678.78623269491,1707.83153830039,1545.72714379204,1577.43246056529,1602.71368352337,1629.46097248642,1657.04970622969
MDV,15958.6557759464,13942.8753891662,16829.9768208157,17439.9504862625,18344.4866455436,16230.0089361263,16730.0144200167,17581.7676697752,17390.1474995422,17986.8907361645,18765.3592118344,18829.4481529112,19345.1792343541,20036.7165354949,21072.5805249694,21855.501224579,14242.9750701162,19052.6224904311,21357.8112511153,22333.0477138175,23034.4098404839
MEA,11141.1063561571,11442.4114435944,11811.968610274,12144.084037953,12379.3917296462,12295.7832638917,12616.921437154,12850.9829506654,12973.5733147368,12954.7561844108,13111.2880274314,13259.9310242112,13645.8359003348,13723.8357090461,13842.6400835174,13860.9343986019,13244.125517565,13650.4958301501,14243.8848577148,14296.2954321092,14355.1405957863
MEX,20127.2242847772,20277.2552818503,20965.8256074046,21102.2688314629,20992.5602618229,19385.5437230088,20058.3854859755,20457.6001664624,20898.9357195292,20805.3480411912,21069.7661649129,21408.9283201493,21578.2633554092,21777.5225111982,21997.7730167472,21704.1859494071,19728.4817823158,20782.5877417545,21391.8573692427,21917.24858366,22039.6287019016
MHL,4012.3445001608,4075.1586476742,4075.57643179743,4222.41292273556,3903.30558742877,4047.22680617884,4269.35843273854,4259.11601606604,4244.04434413749,4469.85358401607,4491.99193864536,4670.10918243675,4896.52195460777,5199.3444796298,5635.30750426868,6405.07564930525,6417.18441217728,6767.95785510528,6936.86510911803,6801.61469241924,7209.26654997536
MIC,6814.61890823763,7196.01062713529,7660.03313502154,8192.68646199635,8529.93088668596,8729.20567260891,9292.00637276254,9733.00899592607,10120.5725253147,10537.1162027731,10930.862711205,11304.3987479773,11717.3629616092,12191.1259244473,12652.622763287,13026.1921227651,12674.2010645982,13466.4888753658,13929.3023033056,14521.6809816517,15048.5526322651
MKD,12683.4335090407,13354.5165282625,14118.2883359902,15118.3063672461,16038.1078627458,16084.2946742803,16731.1595676008,17201.3074960957,17190.0669173829,17758.3012027338,18452.282749234,19215.1537229479,19825.8546858981,20121.1344599839,20806.0084013242,21766.974473423,20971.5290718387,22144.2842571431,22822.3280431288,23455.319400522,24203.2859505244
MLI,2565.97744562534,2546.33281406377,2555.07476259654,2515.94692367878,2523.1996127255,2575.54549773621,2632.26468220172,2623.34627008963,2520.52931087437,2528.53006767058,2609.16733048758,2686.56065074588,2759.11051294151,2816.194239022,2862.40728989634,2916.17167790759,2796.41038444894,2796.22793795433,2813.81095962843,2860.42819002278,2916.18529537154
MLT,32061.5717383591,32775.7490182242,33419.4710514467,34980.4009462349,36286.3762693845,35511.3563931618,37527.338314073,37739.4436925333,38935.700353788,40919.7945400628,43161.5419815161,46170.1721772127,46965.601581458,51626.3473049783,53417.0154946227,53391.4373856091,50387.8220368582,56852.3218512267,56841.958125813,60418.3949311068,62700.4942180461
MMR,2110.23728495831,2377.90258162976,2669.32700379999,2968.3033151236,3254.738978881,3578.17424704515,3893.79030665874,4078.61220919965,4340.99945069174,4666.95376141392,5006.50667149767,5313.88615901476,5580.98977273232,5877.87465558175,6201.26341429803,6562.98898478625,5926.83450206681,5178.44718217164,5350.47666899931,5364.13797034429,5276.29433987853
MNA,7856.02203464189,8051.28603801376,8305.93163852024,8609.12407426356,8733.80596118955,8811.65429381035,9031.31975575147,8967.41983587631,8965.99659380495,8889.86942356262,8974.15582612076,9021.46155425322,9395.45474768035,9541.20621317531,9593.49548105505,9605.52420146062,9289.51192984256,9497.25769111683,9771.32115919459,9881.84787217171,9960.20176631377
MNE,15716.1406519937,16348.9675325821,17727.4395602504,18966.5316118445,20239.0055766337,18985.0166440648,19476.2433855105,20110.5703706069,19576.4932347548,20201.3754091056,20641.850118964,21131.9286652777,21834.1824200766,22513.8741282681,23562.2739681383,24585.2179072849,20904.6866227364,23690.0773513056,25583.4216629604,27243.51720726,28105.7093264336
MNG,7070.667158451,7499.84803935428,8043.99678108557,8750.13407442299,9379.85489687765,9095.9769892529,9507.118823625,10960.0959283864,12078.9185320062,13210.0945665668,13943.4277148653,13974.5967260365,13898.1456953585,14401.5375067562,15230.2408828847,15790.6961126441,14801.3420829185,14792.2509086422,15310.4349469163,16222.8638898529,16842.6505873797
MNP,,,,,,,,,,,,,,,,,,,,,
MOZ,934.133964844421,970.38995609863,1041.80471709595,1095.12568701598,1141.94256161019,1178.70909947834,1224.23020471309,1275.52959822581,1338.51594866104,1385.83254864214,1449.92926632722,1512.5997455554,1537.90853271216,1532.0073576114,1538.83512127022,1528.88988354373,1466.12476474476,1457.23540930922,1476.66560298097,1512.27640791481,1500.31427446351
MRT,5139.22552002451,5445.82951227718,6284.70209025296,6002.77832165174,5813.35608368305,5639.78745018612,5605.76388754436,5653.21719956693,5716.25195328296,5769.72870835599,5837.8520312229,5969.54239339806,5866.28144759405,6050.62180273825,6153.63790295218,6162.21044512087,5963.23549793488,5836.56580821897,6053.26178155509,6276.47521079359,6482.69016724334
MUS,15209.0164267817,15387.9807842254,16061.6030030396,16904.2745171796,17750.5936228988,18290.4070077862,19045.6542832867,19790.5300586052,20425.707017688,21061.0293432869,21827.4802326052,22603.0885218714,23460.0011516323,24361.8758542058,25324.1785958124,26047.9753573284,22258.3868106268,23010.2013826905,25085.9891959451,26635.0124048697,28011.1579806299
MWI,1208.2196975075,1214.7426419188,1237.27386519947,1318.33196397214,1378.42886690465,1449.72601522136,1504.37514113215,1533.22889572405,1518.14803849238,1555.50607410511,1597.56484331405,1597.69145324855,1593.59549264808,1613.0593571462,1638.91665761076,1687.28944917892,1656.43985192533,1687.59358179651,1659.95933825168,1649.29873234551,1634.24660266597
MYS,20168.5062099425,20767.5857243346,21444.4857715028,22305.118263117,22898.0027575442,22106.6417311801,23307.9698543785,24115.8181203958,25006.3587781537,25736.3525554142,26818.4317281659,27699.6278860387,28425.3707609412,29551.5457597197,30459.9655338061,31300.5086554849,29200.452632127,29822.8491831618,32129.2217820113,32857.6676600774,34116.2317848885
NAC,57460.6504868586,58901.3751316749,59950.8137947404,60574.8958787286,60110.4620870865,58016.8608848414,59082.0189334998,59602.1365034568,60435.0747551988,61242.5035646543,62295.5003482894,63496.1568234086,64079.9609801917,65200.6650984045,66672.0445786912,67938.3944189517,65982.8101708618,69833.4948761015,71184.9572983365,72394.1241275026,73462.0394138947
NAM,9130.82442337694,9245.1365329555,9773.29833199798,10162.2400708746,10286.5124067605,10166.2899453939,10614.6201576671,10965.2729759535,11266.6089486464,11593.5753768689,11982.6963648348,12166.5658392058,11846.7880832757,11408.7253099967,11214.38604306,10813.3044681944,9652.24827219463,9709.09930646771,9953.09752403491,10137.6726120025,10281.3356402988
NCL,,,,,,,,,,,,,,,,,,,,,
NER,1192.0823507557,1233.87551052205,1260.12046671298,1252.74827252938,1300.55418500177,1277.69230957636,1336.56410237447,1318.10130997844,1403.18971067857,1423.26169034701,1462.82122998491,1471.66135329224,1500.00858681288,1520.0015371232,1574.33838262666,1612.63734693259,1615.69272448944,1585.59922021188,1717.51891457684,1689.56425367067,1803.4369300532
NGA,6275.29894529583,6496.93228200091,6702.94533358778,6949.42650737506,7215.76946222422,7581.40572117009,7962.6395731076,8153.53178680367,8265.9055121162,8581.207822956,8884.77428661657,8892.05798706748,8534.69281513898,8396.78452274331,8362.62330891339,8361.78664857198,7664.21099591193,7588.47885596359,7752.26206532009,7843.83461990405,7994.21563861459
NIC,5204.38202801757,5356.95850970538,5500.40577576797,5697.21109549591,5809.09964464617,5538.3658931707,5701.12790180564,5976.25284495841,6275.7876907774,6494.14961103199,6712.21749816316,6939.03286207731,7158.75799760378,7391.19683946294,7049.02753442352,6756.59375829081,6523.3698502278,7119.16923360042,7277.82264804562,7496.5292687685,7661.60202722818
NLD,57391.3645202468,58422.0135197444,60391.544265121,62601.6205718183,63678.4032834996,61029.7298855714,61518.5540088717,62318.1416226231,61480.8126014961,61281.288807752,62045.8563802085,63081.3941350677,64267.736357935,65666.0036593237,66758.2640145753,67847.8542926795,64862.1922496366,68573.5648786446,71324.0360349277,70198.9297909022,70498.8840396071
NOR,82440.9558801113,84079.996241889,85458.5466934023,87043.4979357593,86379.6624832291,83642.0695747773,83256.7880722557,83092.4342216441,84237.1495663816,84070.4583940478,84830.2558016961,85550.2942614495,85787.6174410424,87194.1115421374,87338.4708008985,87725.7283254613,86096.0508947506,88984.1386736515,91051.0831968407,90085.4382059786,91105.246799623
NPL,2521.54105171428,2580.23106308364,2641.34799494749,2708.7143922589,2852.60983167965,2961.83900365912,3085.31407004502,3176.65040602417,3316.50073452021,3426.5579593796,3621.73168937112,3745.26182249477,3743.7445783578,4071.70431755798,4371.38571771897,4607.52454717112,4412.5420439395,4546.22970006289,4763.38751073946,4861.23030387639,5046.81592972946
NRU,7200.94828845528,7208.83070771819,7829.71497360134,6109.60106113352,7339.57869508137,6926.97979734746,6908.3570297951,7881.13125592445,9639.56633771324,9798.48256139004,11112.9673369473,11270.4681981308,11529.8856976118,10631.9143863208,10401.2803984916,11183.095616258,11304.5723318731,12112.2358384228,12363.6457029853,12372.5209531064,12468.7614524615
NZL,39971.7705007585,40848.2981387428,41475.1217441795,42346.0894838728,41561.1820713151,41132.3368456501,41270.9285099133,41814.8851834052,42570.3332823343,43338.4373782961,44255.5046637459,44963.8339159182,45626.6818435018,46193.2884771696,46947.937247914,47362.3199332352,46266.3954728951,48248.7176729892,49964.1765523158,49508.2697230172,49316.3999433708
OED,42284.8711664127,43196.3601762154,44265.6201666808,45160.7672425497,45022.4637924216,43146.9846734134,44163.5000019848,44837.8963217335,45146.1602478402,45604.6500774203,46327.0750560206,47222.4264143199,47815.3606829439,48824.2005087167,49687.0078076748,50306.6814679338,48089.3143059651,50955.6018382245,52344.6903615246,52929.4284227082,53534.1656216465
OMN,41351.7687385072,41551.1413844552,42540.4398485334,43696.9691440917,46586.3955926767,48304.1178923167,48191.6145135737,44440.3092616125,41964.0828578552,40854.4853548905,39639.9870514802,39813.7887054675,39860.9893909688,38691.1077105097,38673.6045360857,38292.3859682752,37560.5998714953,38719.4587682049,39780.2122774985,37793.6164427762,36721.0804634186
OSS,18422.1844604367,19007.4954733196,19953.3154365197,20703.8867531427,20620.442206477,19473.3520068419,19848.3886436507,20380.3634956804,20463.8716583833,20434.0465415066,20650.2474077089,21060.1163265695,21602.2090125289,22368.3596347617,22985.9819466315,23747.6947327908,22167.0818544728,23596.4033747237,24125.978168384,24570.763349387,25078.0428566251
PAK,3859.64601808903,4042.15457513378,4185.86655659206,4257.92556870432,4233.34830715497,4270.43882264229,4228.7817715945,4246.06710882497,4292.02110293486,4407.14705841377,4520.23463399286,4645.28631071145,4886.61212115378,5031.56060738433,5255.06350681272,5295.95295138203,5135.01459288839,5367.27364714762,5526.27928310213,5418.7693189297,5500.32394824285
PAN,15875.1127056615,16867.960935567,18190.2741337857,20208.8215796091,21867.81875743,21822.98771721,22739.1106156183,24999.4605922405,26926.8852947452,28135.3278787268,28931.8044516019,29933.1555965973,30765.2371534884,31979.8122635605,32681.4463581168,33163.726919217,26881.7987214437,30932.7627809145,33915.1526066674,35872.9506479276,36394.9175291147
PER,8495.986392858,8949.95442691077,9547.91327762554,10286.3548193625,11151.530521564,11204.3768755244,12059.0180183322,12726.5999815198,13395.3993805891,14052.1376191683,14244.5660212948,14542.7930911313,14917.4489473588,15069.5221084659,15386.2601642505,15463.5432397882,13609.5999609595,15280.5512106486,15559.821643644,15327.5819994558,15661.7497711956
PHL,5229.45080700165,5386.81653712891,5578.57225112139,5840.06810169965,5987.03757861835,5965.30730902221,6273.03927731515,6388.31296959977,6697.55620962768,7016.53846470436,7340.361585912,7691.76308685047,8131.82537948653,8584.13622709699,9016.28659637608,9452.2939715981,8455.18457134106,8857.78995115514,9457.10395402883,9898.53294588746,10375.9404179938
PLW,17015.6800255788,17507.4363236754,17749.7742778468,18255.6693104131,17574.0751337338,16688.7234642116,16524.0426937512,17670.9138744537,18279.8892705019,17931.4312359519,18786.8332875028,20212.0181058882,20449.1316608307,19821.0983603983,19572.3446450452,19519.018546453,18183.7369201975,15780.5501158866,16040.9080564681,16425.9722714446,
PNG,3046.33289602666,3136.58568251035,3202.48730426388,3345.85030363442,3233.91811872812,3349.64345389883,3579.17141222267,3514.83277391807,3577.4517726759,3615.28323843913,3998.61805004308,4154.52332559184,4275.74858615698,4322.22282084806,4211.1454741469,4301.61139205544,4077.63132163554,3976.90380116956,4125.49303365201,4205.84773981096,4288.52828988176
POL,20878.6545002534,21568.9476594356,22921.1975887696,24484.0656663756,25553.9058406534,26204.410367111,27112.1333797381,28521.6612623568,28952.9157305301,29168.624211075,30334.8786569618,31700.3682364154,32675.3052259954,34354.5987616319,36500.4114282584,38181.6230334689,37852.8021313639,41059.5847829682,43405.0215797441,43672.7668014946,45153.0439773281
PRE,3782.99047596997,3895.30309478367,4021.52472717459,4153.51406143983,4293.71626997956,4378.09919247674,4539.58255211005,4606.71107326448,4704.96477071245,4833.19169685647,4940.701417994,4951.55666271614,4929.40810283355,4874.71149447624,4868.45975712931,4888.59916995327,4558.12052329208,4535.27416519741,4624.99225982559,4619.11355930906,4656.63637010841
PRI,43355.8226365269,42555.7081189669,42133.9682748773,41888.6232716478,41358.0689136668,40772.3514249612,40777.6892825687,40972.5364074959,41347.4542013586,41556.7852350074,41593.6798280708,41737.6068571153,41858.2626698462,41479.9977732034,41119.3088051648,41656.3291581369,40171.38668761,40559.474811812,42310.9585064702,42837.8994791262,44205.7494879255
PRK,,,,,,,,,,,,,,,,,,,,,
PRT,35658.1298257503,35870.3092741499,36387.5367379519,37226.47026267,37291.504896966,36092.8109314685,36703.1141882821,36127.2949766154,34804.6333340481,34651.7719455055,35097.4098263229,35803.3575649769,36636.2978441633,37943.1150505673,39123.6151282571,40188.2868799219,36852.22873381,38657.6677223425,41070.861152974,41768.2549192626,42197.2025135828
PRY,10187.194394255,10290.100822296,10672.9933252383,11141.8704701878,11751.1391651711,11601.2854565092,12738.5765601697,13109.4665717904,12834.8015915131,13700.7030515391,14219.3544308099,14427.6002349811,14826.6636909978,15320.3366476954,15592.9841390322,15321.3245528947,14991.6606201148,15406.1670646576,15259.1456311862,15826.087501295,16296.2836189263
PSE,4503.08034061409,4885.07252184444,4714.37331793342,4769.52328096801,4984.80579890695,5270.66331643219,5432.24363072522,5805.32115329251,6009.10925822042,6142.20204342591,5990.42661523778,6072.65031768549,6464.13352537371,6426.79521615335,6342.9374800852,6269.89134527985,5423.68254653126,5663.12160743584,5753.08395899307,5361.13098084938,3845.50297375419
PSS,6110.77688226056,6160.09276971647,6224.22941257368,6146.06973733894,6189.67466848363,6079.22065891627,6218.24218010191,6353.38836493369,6337.90322264197,6481.80346858781,6658.2674056849,6844.56953866979,6990.1887390315,7194.50395381984,7314.62180323215,7288.31019104527,6347.24222055557,6080.31594064428,6653.2312628164,7078.57376542142,7228.16086485168
PST,46711.8088902163,47766.888180537,48968.1059610766,50004.5938639974,49922.1584385831,47865.9128065078,49038.843112135,49736.6833384161,50035.000326229,50535.5008140651,51236.9421219202,52055.5180828139,52761.7427484299,53887.9630625978,54895.8897182902,55715.5565264182,53247.1258755563,56311.677590959,57682.9366418842,58518.6227353904,59187.8705268741
PYF,,,,,,,,,,,,,,,,,,,,,
QAT,107023.577147067,107784.417294658,115383.630413612,109579.67852883,109206.297312914,108435.74676157,129044.708988673,145590.759374614,143830.55475292,136453.930654184,128013.946689103,123070.823231761,120054.244506415,115064.83603436,114909.792335472,113160.839750596,103061.899444607,116832.656941972,114740.16518158,116563.992526162,110889.792701691
ROU,19532.5610216283,20571.0108222199,22354.6564902844,24328.4940230196,27039.7122195334,25761.7373850906,24903.0077613835,26150.8560702105,26767.5666532405,26942.0436130341,28156.2475476815,29181.9991893663,30189.2729172886,32852.7718069627,34829.0402990684,36399.6255565426,35283.7523567852,37534.1559176911,39256.9888833852,40116.8555054263,40504.0002945958
RUS,25894.146484375,27656.658203125,30022.671875,32630.369140625,34342.2265625,31654.00390625,33063.5859375,34444.64453125,35740.69921875,36260.06640625,35853.24609375,35037.15234375,35005.44921875,35570.390625,36536.6953125,37319.3203125,36376.3359375,38638.4296875,38214.49609375,39887.33984375,41704.7109375
RWA,1277.19280440829,1360.29587570276,1446.71094686551,1516.26750609323,1641.77767401672,1699.94452992694,1779.15851051568,1874.21498172873,1988.01219478847,2032.40480194092,2106.21454365589,2238.53941469642,2316.63731573814,2351.59686866227,2493.44001744938,2667.46458436613,2520.31739425373,2733.43566762447,2892.45964942821,3062.99909649442,3264.64451474392
SAS,3626.65995288754,3844.00632749848,4085.07331187293,4330.30260571846,4419.83211246422,4683.42320559577,4997.84158209382,5199.39828023848,5421.16973991693,5690.32664871744,6029.54889102679,6420.39753408396,6853.83622045557,7237.9013460911,7622.25084211992,7857.61469233314,7399.2146905549,8015.35674462811,8522.02555266368,9169.17425959869,9654.1661001538
SAU,54196.5514152953,54931.7942450845,54373.737695386,53318.4191601834,54407.7081673247,51760.7643987566,54911.547517012,58645.4459416531,59471.7001909394,57998.4644619155,58872.2671400126,58498.5399040699,57308.4484127497,57942.5484983044,61359.4653740388,62647.7299487842,57420.7335736424,62690.4966645929,67178.5902274906,64481.8441927288,62792.7741476371
SDN,4041.05712890625,4152.32275390625,4299.97412109375,4415.78515625,4446.40966796875,4188.0546875,4219.8369140625,4467.6259765625,4145.931640625,4130.48583984375,4207.50048828125,4159.1943359375,4174.56103515625,4061.01831054688,3816.65991210938,3625.52319335938,3401.24975585938,3248.9755859375,3132.0771484375,2181.0791015625,1861.39794921875
SEN,3240.3020166984,3301.82076160815,3301.03152414193,3316.42037834774,3359.70567090311,3371.46166688616,3403.56707165919,3362.87940537332,3405.10864460824,3385.42590686562,3484.01219749797,3593.79477120389,3710.05531589724,3871.4514678592,3998.28635303406,4070.61227058594,4018.04129277358,4173.67741399619,4228.73382642974,4304.76148720232,4460.92372176318
SGP,78039.024710382,81841.1587801054,86463.8283836607,90417.8073849967,87329.5937792686,84843.5194001734,95456.1893079996,99296.7561111269,101187.825333454,104359.030680724,107066.858613992,108953.724294287,111579.742684331,116471.820764776,119927.769127927,120114.133894235,115893.042395938,132617.354020876,133571.962410322,129555.245509242,132569.525225795
SLB,2168.50586845628,2287.27362263512,2340.65153178621,2384.31783066088,2489.78306207696,2514.89101043351,2682.28532344354,2777.47851512924,2743.45849913875,2783.59190841229,2716.42200217839,2664.72477884762,2715.23362293936,2703.66346303885,2686.11900111375,2661.61667922254,2515.14143211528,2449.87009821452,2330.10309195408,2339.57493302805,2353.24808229243
SLE,2260.83818961545,2296.65767887048,2342.75461136539,2377.80530113361,2404.65198784353,2376.58254518958,2459.76814418708,2590.52839483651,2792.92626544926,3124.72832450941,2812.52832195116,2628.17058146385,2732.26093997048,2753.42719846704,2767.38003381598,2852.66269917494,2752.62615440121,2849.38865926436,2934.73326430435,3034.94608285625,3098.76290609663
SLV,7841.53237886842,8050.5345128919,8404.24674903143,8548.83476118605,8704.80584632591,8494.49847423621,8648.92982717672,8943.06191543327,9165.42034804478,9327.56424468351,9451.744607867,9646.15432339854,9863.76121214453,10064.7934942601,10297.203612692,10543.9383291317,9692.44931605799,10809.713399518,11085.6178074688,11424.6459176917,11669.0817135644
SMR,80724.8087680421,81632.1748989576,83781.547393613,86785.0181147659,85120.2868772716,73093.8317013426,68669.2526491343,64214.1187563371,58176.3777973964,58467.9769550045,58743.5844219421,59647.6594557072,60669.8186167521,59524.5597904018,59194.0442905609,60171.0471344217,55998.071099456,64745.1316780701,70887.573899815,70951.7895931976,
SOM,803.059780580571,830.807245939909,857.993655901941,887.36935223579,919.132083452828,956.220325392405,995.225555512318,1054.36214979106,1114.80414892809,1197.72166459747,1259.27432882615,1343.92517439606,1384.15517410135,1527.66029071672,1504.97908203481,1491.29493918405,1396.05544674978,1392.31782053371,1387.54753732191,1401.64735228455,1409.33492233283
SRB,14194.4239957638,15077.621172828,15727.468589842,17028.1573139848,17983.3557621585,17488.1952473271,17841.5052482398,17986.6586186398,17993.8893372708,18163.2800557557,17922.510092839,18247.884779382,18889.4599757385,19439.0723263919,20454.310707953,21541.2157346761,21479.1679289814,23406.4036315634,24651.9500494588,25735.2402009063,26900.853091323
SSA,4278.51331355353,4411.23940636792,4549.64962010862,4695.18096839035,4806.08016860663,4836.23831598363,4993.41645515479,5078.36737266493,5138.78939655495,5251.51344059004,5355.7342357734,5358.65561857327,5268.83150135542,5249.09498328977,5249.943568027,5237.57859289934,4915.93079254536,4958.95615019986,5035.76910820244,5040.15417908639,5094.61312493951
SSD,,,,,,,,,,,,,,,,,,,,,
SSF,3938.52474735639,4064.79469856722,4196.01742141953,4334.88334721941,4442.56054105323,4476.26595816638,4629.34154572117,4716.82196328525,4779.45095832875,4893.03086171617,4999.52219488023,5016.22753000527,4948.61002148455,4944.82716564733,4954.56228767375,4956.28204569314,4674.72999524284,4720.35761389047,4796.06641542138,4810.21576811861,4872.63561420471
SST,17301.7681992296,17919.1029342471,18926.1374267865,19583.3245339467,19626.8024785101,18687.1342887514,19028.3801181314,19400.0930871394,19654.5527955594,19723.9123640346,19990.188818425,20210.1952363993,20317.3656305928,20726.6600236013,21153.1071455937,21651.5595573883,20089.2426291376,21232.112433676,22449.9535899521,23360.6426585898,24699.249237061
STP,4202.56186898775,4371.49721644128,4644.18044669991,4698.08416961839,4873.1813112046,4919.19529822865,4882.04796466341,4876.47315792145,4919.55294386577,5072.11200195866,5223.09572886388,5210.2037755431,5388.5091334891,5521.20249597413,5674.72379094011,5702.08347071236,5742.94724858826,5732.69456061536,5632.13890715047,5541.3016760535,5491.29829852275
SUR,18585.5170864176,19220.2839696605,20113.6707547695,20902.1391589279,21515.8119551093,21906.4105447498,22772.4754543689,23829.5332856393,24193.8412373922,24624.0219854601,24414.3554759734,23327.5252497447,21950.4122148625,22070.5137570835,22938.5353715545,22966.7405999124,19091.3617184226,18458.234999681,18742.5873760369,19020.8663908707,19179.1018321639
SVK,21851.9549601873,23266.7570493442,25342.3099268358,28075.8072794998,29556.2617975695,27891.8969419417,29758.1740140117,30481.377866428,30907.039248956,31090.9880191144,31901.9424982702,33521.5954764975,34130.5050676203,35057.2223763167,36430.7941704195,37209.5332553073,36216.4002110814,38346.0935768177,38664.9076949851,39518.2209359245,40319.0547230873
SVN,34298.1277435263,35558.3777419198,37539.459301666,39995.2052938397,41278.6090856341,37802.0880186755,38056.1815241775,38226.1255489903,37033.7667541886,36678.8746642096,37655.1979898073,38527.4222549683,39667.4579830072,41692.836279788,43361.094447431,44569.5878416535,42463.5635346194,45914.0572392406,47050.0676441642,47977.4268117652,48648.9078834081
SWE,52412.411275873,53661.3178643623,55855.4978279347,57230.7901610156,56262.4700751994,53411.2005853182,56003.2704715511,57340.5039813247,56682.0187013753,56843.1649263734,57574.0500485264,59468.3538687625,59977.3886010694,60288.7998168676,60647.449528586,61601.6292338778,59975.3644061895,62731.700616293,63088.4236678734,62662.7652797761,62978.9390459835
SWZ,6775.2217412302,7142.1921864324,7584.72030617794,7866.73073455273,7926.37961138221,7988.59750005303,8245.64153332215,8350.89190932865,8645.84478287802,8951.05749805891,9084.49405780635,9186.65344720515,9402.50834103681,9660.55161538086,9578.10061089805,10099.5863118406,9695.82498058755,9990.43491951205,9927.60567008139,10181.5040730397,10380.3966630516
SXM,,,,,,50980.9400838983,52140.59965779,53786.2462000327,53357.003462797,52801.4031054792,52439.4736756048,51375.6032503737,50817.6814942681,46088.3583839152,42154.1020267504,45996.7912346922,39265.7616790568,40507.0672411717,45515.6523389272,46571.0886504628,47303.194758482
SYC,18356.4711447212,19917.1194534221,21341.8597526003,23117.8555224771,21990.3685269705,21361.1307875284,21708.7554506566,24406.4129764105,24919.955210328,24770.6514591794,25379.4180707013,27032.2083880002,29905.1347389952,31595.6680570505,32841.4242467381,34346.0708923483,30056.1994300968,29979.8272686091,27978.1770550937,28635.3563581744,29241.7758048825
SYR,8528.65604597154,8828.94590461523,8885.80539630373,8829.30906367425,8903.77225264131,9284.10162126587,9546.56048805399,9648.82426718361,7144.37244952745,5530.97472757035,5301.62535257941,5302.07413721497,5022.1127178437,4977.79210063798,4956.09296464777,4825.40602053761,4633.34951847728,4592.83860100874,4454.85373271464,,
TCA,,,,21878.8206013071,22689.3160133769,17512.1977777876,17000.2227766463,17147.424764127,16024.6915652254,15461.873511271,16138.8487604249,17201.7720345933,17625.7202843515,29540.3537473151,30286.1196112151,30611.2130237381,19702.5368196855,25056.4880515569,28209.6242536079,31839.3705381969,33390.5267148059
TCD,2400.97004980577,2705.816508357,2596.03235458563,2613.47387385213,2601.36125803518,2474.70758351267,2717.40540184377,2741.07083398912,2886.27474563711,2864.1130140853,2820.67795067436,2822.57929900236,2622.59780843796,2496.26213644007,2552.37036388576,2604.53153663392,2513.02922729008,2435.07274651099,2449.48251052484,2433.09879153397,2412.865855392
TEA,6155.1147693438,6679.65495254465,7309.42866647469,8093.4907987686,8684.51792940753,9251.63086959459,10056.9514545643,10788.8043280723,11489.1889819688,12195.2458733697,12914.2114087054,13646.0224576994,14404.4664735946,15229.5232265583,16103.5382710721,16941.7449353979,17005.0148318455,18167.5298896498,18808.7249692887,19741.6109219987,20682.7766500413
TEC,18285.0711277478,19453.3041657959,20993.8377087726,22656.1950373111,23653.0169042806,22248.6251392661,23166.0886517263,24326.8690488352,25013.0503883919,25605.1860765779,25846.454531853,25818.835598776,26097.7936953215,26985.0683124814,27855.4925748848,28513.4293915676,27934.620601194,29887.2836538263,30145.8653395354,31475.2127472368,32609.9270653089
TGO,2157.02751991461,2004.25858232153,2000.54176015054,1920.26928670654,1941.15486668393,1989.82990346963,2049.78055930203,2111.47483429916,2186.30951971437,2254.98838359616,2322.40408294543,2388.42609861568,2427.30036226403,2462.27744935268,2517.34898693009,2577.51616831372,2570.48315208534,2638.81095267963,2739.68813234711,2842.23076240747,2960.77542569109
THA,13997.0013867292,14458.2551810694,15051.0606748719,15742.6552891781,15891.7823409885,15665.9031153449,16730.3697884488,16766.3477057883,17869.6376607459,18242.4256715363,18324.6144674875,18811.9975100064,19370.6087810117,20094.6778762603,20879.9027821449,21277.8392684764,19957.257140917,20242.7700035656,20762.7952598527,21191.4540309274,21740.5403219261
TJK,1878.28696227255,1965.30020458256,2063.288508243,2181.89798056536,2308.09430040334,2349.50030269416,2449.27358745359,2572.48074895498,2700.09546037358,2828.38542075147,2943.08867917317,3041.44479553257,3169.9667820524,3312.71202243506,3479.69235966041,3649.88375518646,3724.7489591466,3985.91247611219,4213.75618362687,4472.3241378777,4755.93296704719
TKM,5360.22429910532,5945.95239804804,6476.82805700551,7060.14844993043,7944.99590073106,8264.86534322735,8842.33283585112,9929.68934634645,10794.2335233663,11633.2905987757,12544.3983464061,13057.8303253557,13552.8477118745,14107.6671199289,14648.135352725,15231.3056176565,15791.1775857601,16434.1399060353,17119.5744946142,17866.4041809169,18662.298799056
TLA,15004.4904040027,15420.9676754085,16038.9729823569,16697.3233162997,17129.6140109507,16551.7045424013,17449.5916792059,18056.5834827288,18341.5443171953,18677.765971933,18763.6344504265,18671.6756767233,18456.8539063598,18654.3301005222,18808.4937492869,18790.9528914649,17418.3129478853,18606.9346826624,19256.4973758813,19556.8117598203,19850.7687675066
TLS,3234.97572893373,3263.94469592966,3038.95253397881,3256.56973696199,3530.88221940661,3792.3582606223,4047.24946392086,4189.79980348341,4297.91482204398,4340.27851790544,4445.3594272103,4467.80011988177,4515.4226379882,4290.02726532164,4188.84115175127,5103.14962872555,6594.88175503901,6825.04588630745,5348.49200064987,4331.07806144305,3890.95763434187
TMN,7878.43652061041,8072.53976089447,8330.06335305419,8635.00034712355,8759.22767643736,8835.79578956671,9055.96117517288,8989.2035290479,8986.48158861617,8909.01723360065,8995.01437462643,9042.19421356406,9416.20056639579,9563.29227886463,9616.69771490976,9629.48608824149,9317.39918230766,9525.12514890875,9800.72244713619,9915.1352502569,10005.7742574058
TON,5900.45741291394,5828.37054398018,5670.9141842869,5506.65177833752,5758.56828665219,5453.87514548883,5488.75040326595,5847.44389420769,5907.26711603507,5951.69432111238,6096.86914784745,6194.63923003718,6639.13678737964,6862.66870605024,6885.10271620406,6858.83871210154,6980.41011734068,6929.17669288438,6810.60970632543,7030.41917439715,
TSA,3626.65995288754,3844.00632749848,4085.07331187293,4330.30260571846,4419.83211246422,4683.42320559577,4997.84158209382,5199.39828023848,5421.16973991693,5690.32664871744,6029.54889102679,6420.39753408396,6853.83622045557,7237.9013460911,7622.25084211992,7857.61469233314,7399.2146905549,8015.35674462811,8522.02555266368,9169.17425959869,9654.1661001538
TSS,3938.52474735639,4064.79469856722,4196.01742141953,4334.88334721941,4442.56054105323,4476.26595816638,4629.34154572117,4716.82196328525,4779.45095832874,4893.03086171617,4999.52219488023,5016.22753000526,4948.61002148455,4944.82716564733,4954.56228767375,4956.28204569314,4674.72999524284,4720.35761389047,4796.06641542137,4810.21576811861,4872.63561420471
TTO,26757.9075601429,29536.4394101096,33348.7507470886,34793.6457521105,35825.3333456362,34212.2683057008,35145.1253639062,34769.7620251376,36903.6898574094,37994.0686480473,39248.6570516023,38963.9641783011,35914.9901970983,34095.9899256152,33710.0178540008,33748.7060849924,30720.8876936042,30482.1201798631,30784.1112580356,31196.603554718,31960.1568888983
TUN,10263.8055422408,10529.1598956845,10983.9221903991,11613.9247511428,11990.1962371716,12229.7752536693,12458.2710366551,12068.7136257667,12436.3958115735,12587.9950645596,12824.0028914441,12802.7917211433,12803.8797371543,12955.4014814241,13163.1952230357,13243.9024233246,11955.5983698479,12444.3264026887,12712.22345453,12650.9615158166,12774.9158568021
TUR,16583.8837094062,17902.5966004487,18972.0089563632,19909.083519675,19839.5845462269,18612.1925231905,19897.4464836887,21760.4291923634,22517.7148287875,24117.3121099839,24888.8521742576,25984.8027306177,26489.6436816046,28194.688309381,28780.3036458151,28741.0535082701,28976.7179161611,32105.5474400506,33520.8111384208,35069.1701714685,36154.490436557
TUV,3704.92725890715,3488.53634577403,3532.39942573719,3737.8786751003,3933.37396710875,3638.18761780626,3506.0602338093,3687.43927331262,3558.15237041254,3690.24204295331,3695.95345179619,4088.76579910847,4333.24899362162,4464.25884629937,4575.86900510424,5292.03025969421,5154.45957834015,5352.97862537897,5498.18455447209,5812.39924537753,
TZA,2155.24145507813,2253.09326171875,2334.1044921875,2423.61596679688,2493.25927734375,2560.81103515625,2654.80346679688,2779.70776367188,2822.4853515625,2924.86328125,3027.56909179688,3111.44458007813,3214.24682617188,3318.28833007813,3392.68872070313,3484.63256835938,3449.82153320313,3493.0830078125,3546.98095703125,3620.79345703125,3713.26293945313
UGA,1709.36159216857,1765.03788457066,1898.97915280479,1999.0624896434,2110.10049271503,2188.29916246327,2244.60595194584,2384.4653273154,2405.09455932767,2420.88808087266,2470.50380909598,2520.0201028843,2554.22769062073,2543.84754394956,2613.87976413963,2689.41009144919,2678.00907202293,2684.92035939744,2724.90609568409,2791.05576885861,2879.67009290376
UKR,15021.06640625,15610.5732421875,16901.5078125,18374.013671875,18883.986328125,16092.7958984375,16811.794921875,17783.95703125,17848.740234375,17889.091796875,16978.8125,15403.7099609375,15856.8125,16310.3603515625,16978.984375,17636.5546875,17092.5390625,17846.408203125,13787.12109375,15916.9580078125,16319.8447265625
UMC,9197.69256597587,9763.24978848831,10470.8544759819,11315.4848398414,11880.0561407821,12087.7075800745,12967.5096494913,13710.9414433884,14318.6512965366,14943.7740855267,15484.9437302454,15974.4208451024,16542.8508541019,17244.5036832036,17907.4583841786,18493.5973842627,18242.5421657835,19507.2116769218,20094.8379948072,20950.1833428582,21737.6364565727
URY,17519.3796251133,18811.3195971021,19560.0817556405,20803.893182056,22249.3835165533,23138.0820687014,24879.8350192618,26099.3215293803,26953.2811065384,28119.4833341404,28935.0974409271,28941.6294107011,29332.5672615246,29762.4333171685,29757.9388543783,30010.5742615797,27788.1854968153,29431.8850087471,30804.7032775797,31059.2537072459,32038.7727288227
USA,58131.6336853496,59604.7536374577,60676.5655690664,61306.596938633,60798.4338401606,58714.9736915861,59789.4129069749,60245.4843994565,61134.530608776,61958.7234416953,63018.8033942192,64359.4725899466,65017.654963867,66155.5555676249,67719.7656392064,69112.602688656,67342.0709287722,71307.4017277218,72679.2575396348,74158.7164155605,75489.2664334817
UZB,3939.53039814876,4160.95512970703,4413.72281227266,4764.56391427529,5115.64391465594,5439.55068123847,5760.80511957791,6100.25100998284,6435.56467226429,6797.77494784494,7145.10980664151,7529.76364274179,7839.97820100236,8047.05375469466,8348.96057873127,8755.12593984949,8727.41104939223,9247.64382703929,9607.56167273449,10007.685502618,10450.2051402852
VCT,11979.907294501,12320.0710011077,13233.4068930431,13732.3622591495,13850.3936790063,13723.7838252622,13175.7230154228,13168.8964291743,13397.9632982701,13804.1837951887,14040.2460690452,14508.8609465459,15197.7482513352,15533.2212821544,16139.0661084965,16365.3255785124,15763.7054382539,16200.8994597845,16835.023514541,17858.2446468702,18714.198849353
VEN,,,,,,,,,,,,,,,,,,,,,
VGB,,,,,,,,,,,,,,,,,,,,,
VIR,55883.4545510864,57838.0977142823,59911.7224453162,62332.9445371347,63057.6263123638,58895.3056899496,59272.2456856343,54443.0686942498,46422.4151236223,43563.8864931407,42853.8986599185,42739.0835022993,43502.4336941564,43277.1546523522,44205.4071324394,45632.6364715693,45055.7829303523,46893.5496988741,46479.2996685326,,
VNM,5421.09702829121,5776.36304451268,6098.24495436514,6418.54381402878,6659.13561432065,6914.33863589545,7274.73310698016,7652.61895672271,7979.86828926858,8324.19871250047,8751.88280634375,9248.02396069622,9743.1882231455,10290.5487142244,10936.8937859558,11628.6139147451,11851.3965685649,12048.9019935536,12979.7639049934,13545.9346616752,14415.2159532813
VUT,3005.79726389788,3089.43704035765,3270.70237527622,3283.36553319499,3381.38564426088,3396.73599458141,3359.84954476432,3390.96103912602,3350.77088958974,3292.23424552549,3302.29177948687,3357.63888534014,3397.76730446483,3465.91968561101,3482.02272525905,3512.07197251664,3259.99543753198,3135.83664945678,3222.83595459346,3214.70244012121,3172.04772751391
WLD,13914.8111422905,14370.8850287562,14927.5485261449,15510.865766861,15747.7295109752,15452.5012186257,16047.9897391201,16479.4887946509,16784.9491797151,17122.0455272012,17500.1748281222,17868.0908568708,18232.7269157079,18714.9389431259,19189.0202232249,19552.0835148296,18811.4935530315,19866.7679184046,20409.442097194,20918.304708117,21405.1181042664
WSM,5568.34734622238,5914.889706043,6017.47704264273,6013.27628827659,6182.76327854773,6104.12751491364,6427.31156227699,6616.7710962495,6311.96070235073,6262.32372017912,6247.90480904724,6432.35979168526,6887.30523545286,6919.01572858501,6805.0451717529,7033.52113384547,6745.29241350438,6350.11428353253,6449.36505263744,7383.74570300182,7686.24942571869
XKX,,,,,7098.40301909042,7481.45889832785,7877.10199850556,8359.93621479336,8431.66232694657,8828.27683251638,9150.74997293883,9824.99105955319,10434.8888259268,10856.2902074239,11188.2244627966,11774.1178510908,11137.5028560404,12362.4210181213,13022.4627441502,14240.2030320365,15716.2925564586
YEM,,,,,,,,,,,,,,,,,,,,,
ZAF,12341.2102655828,12861.5633089114,13444.2332126058,14016.2444716386,14297.6887802632,13910.7017093394,14164.9958363115,14434.2611456048,14563.7624041032,14681.096638957,14643.3384782936,14541.6748613669,14501.2807823402,14573.5980840004,14553.5615668957,14352.6698709871,13250.5666594456,13681.9548144813,13767.4967589936,13695.3755694076,13597.6538495998
ZMB,2471.72073328685,2564.47560965912,2673.46151928529,2796.3529332184,2908.14362510668,3065.84420108998,3266.50749293828,3335.64339500657,3474.55252844092,3535.22449043144,3585.57748507131,3576.92544834125,3598.17166023389,3612.50597664593,3646.95966481655,3591.56418883108,3391.59541156095,3503.03491418372,3585.12379084347,3673.4841969922,3708.06904295647
ZWE,4287.59829196083,4004.66443720945,3819.2334285389,3631.53761566256,2954.09932377926,3299.41379594873,3885.39378454343,4358.92582649309,5003.48706186748,5031.68744400391,5081.11240399225,5102.71432347607,5070.40217016051,5234.3838655748,5415.46976371689,4993.84383894752,4527.71988082724,4827.0886936086,5036.76136109489,5218.02266462129,5215.25301075742
